,minx,miny,maxx,maxy
0,1743735.4876964327,2258813.8672688426,1773643.984189002,2291791.283173291
